﻿{
  "difficulty": 3,
  "fixedFeeMinor": 0,
  "blocks": [
    {
      "index": 0,
      "timestampUtc": "2025-11-07T10:56:21.2766789Z",
      "previousHash": "0",
      "transactions": [],
      "difficulty": 3,
      "nonce": 554,
      "merkleRoot": "e3b0c44298fc1c149afbf4c8996fb92427ae41e4649b934ca495991b7852b855",
      "hash": "0009df006719796e217d3396732ba56684b942a4433d6eab946e74d6fa6cedc2"
    },
    {
      "index": 1,
      "timestampUtc": "2025-11-07T10:57:03.8854694Z",
      "previousHash": "0009df006719796e217d3396732ba56684b942a4433d6eab946e74d6fa6cedc2",
      "transactions": [
        {
          "txId": "",
          "type": 1,
          "senderPubKey": "demo",
          "nonce": 0,
          "timestampUtc": "2025-11-07T10:56:58.1913458Z",
          "payload": null,
          "signature": null
        }
      ],
      "difficulty": 3,
      "nonce": 650,
      "merkleRoot": "f38ca53124a437b30c3d113353e26f5b450d0fb032339631f04543a51a3b6a40",
      "hash": "000afbcafcf5a5738d3e2bbc530b5abd7e58a171721677b7d50e8df9e4d726d8"
    },
    {
      "index": 2,
      "timestampUtc": "2025-11-07T10:57:13.1992761Z",
      "previousHash": "000afbcafcf5a5738d3e2bbc530b5abd7e58a171721677b7d50e8df9e4d726d8",
      "transactions": [
        {
          "txId": "",
          "type": 1,
          "senderPubKey": "demo",
          "nonce": 1,
          "timestampUtc": "2025-11-07T10:57:09.6846696Z",
          "payload": null,
          "signature": null
        }
      ],
      "difficulty": 3,
      "nonce": 3356,
      "merkleRoot": "f5e764a3d15bfa084c55c59f0753bd6f6b508fc83882fb219a3a4535d25d089b",
      "hash": "00098b6ceaf4c7b6e374ef12e4e1a6e54e45154897be01d98e64f6309285fc1c"
    },
    {
      "index": 3,
      "timestampUtc": "2025-11-07T10:57:20.4616961Z",
      "previousHash": "00098b6ceaf4c7b6e374ef12e4e1a6e54e45154897be01d98e64f6309285fc1c",
      "transactions": [
        {
          "txId": "",
          "type": 1,
          "senderPubKey": "demo",
          "nonce": 2,
          "timestampUtc": "2025-11-07T10:57:18.3860461Z",
          "payload": null,
          "signature": null
        }
      ],
      "difficulty": 3,
      "nonce": 3000,
      "merkleRoot": "8bcbffd9c4b608766c4657d55ace20e3e7fee19e648c9d0d19b016d71eab33f0",
      "hash": "000e08c3ae9108789349240750f901c0ca68abb41ef48cd4575beef907517bba"
    },
    {
      "index": 4,
      "timestampUtc": "2025-11-07T10:57:27.4109864Z",
      "previousHash": "000e08c3ae9108789349240750f901c0ca68abb41ef48cd4575beef907517bba",
      "transactions": [
        {
          "txId": "",
          "type": 1,
          "senderPubKey": "demo",
          "nonce": 3,
          "timestampUtc": "2025-11-07T10:57:25.4003172Z",
          "payload": null,
          "signature": null
        }
      ],
      "difficulty": 3,
      "nonce": 3228,
      "merkleRoot": "093c1822520fecad1d5b1616a54bca3ea09f0192d603f8ae9f2fc6b4748b9dbe",
      "hash": "000e35234bc75ff4411fa81f170befbb7b9843682ec558ffd1a1e57909f84e50"
    },
    {
      "index": 5,
      "timestampUtc": "2025-11-07T11:09:24.9729447Z",
      "previousHash": "000e35234bc75ff4411fa81f170befbb7b9843682ec558ffd1a1e57909f84e50",
      "transactions": [
        {
          "txId": "",
          "type": 1,
          "senderPubKey": "demo",
          "nonce": 4,
          "timestampUtc": "2025-11-07T11:08:53.6300713Z",
          "payload": null,
          "signature": null
        }
      ],
      "difficulty": 3,
      "nonce": 2378,
      "merkleRoot": "90c0c4785a27f89a497b2949e40d192ff22743d5d9d739497fea8d5ed8a029cd",
      "hash": "00070e4dc8ef3b699de495df7e5582e3b48a007157dd0c45dcb4114277bae621"
    }
  ]
}